{
  "Foreground Color (Dark)" : {
    "Green Component" : 0.88235294117647056,
    "Red Component" : 0.90196078431372551,
    "Blue Component" : 0.81176470588235294
  },
  "Ansi 15 Color (Dark)" : {
    "Green Component" : 1,
    "Blue Component" : 1,
    "Red Component" : 1
  },
  "Non-ASCII Anti Aliased" : true,
  "Cursor Text Color" : {
    "Red Component" : 1,
    "Color Space" : "sRGB",
    "Blue Component" : 1,
    "Alpha Component" : 1,
    "Green Component" : 1
  },
  "Prompt Before Closing 2" : false,
  "Ansi 3 Color (Dark)" : {
    "Green Component" : 0.77254901960784317,
    "Red Component" : 0.90588235294117647,
    "Blue Component" : 0.27843137254901962
  },
  "Ansi 12 Color (Dark)" : {
    "Green Component" : 0.83529411764705885,
    "Red Component" : 0.40784313725490196,
    "Blue Component" : 1
  },
  "Initial Use Transparency" : true,
  "Mouse Reporting" : true,
  "Use Underline Color (Light)" : false,
  "Disable Window Resizing" : false,
  "BM Growl" : true,
  "Background Color (Dark)" : {
    "Red Component" : 0.057684458792209646,
    "Color Space" : "P3",
    "Blue Component" : 0.089036501944065094,
    "Alpha Component" : 1,
    "Green Component" : 0.071317665278911591
  },
  "Guid" : "89DFEA01-5B8F-4F37-9BB2-F4D7CD6C63FF",
  "Cursor Color (Dark)" : {
    "Green Component" : 0.59215686274509804,
    "Red Component" : 0.94901960784313721,
    "Blue Component" : 0.094117647058823528
  },
  "Selection Color (Dark)" : {
    "Green Component" : 0.20000000000000001,
    "Red Component" : 0.14509803921568629,
    "Blue Component" : 0.25098039215686274
  },
  "Only The Default BG Color Uses Transparency" : false,
  "Scrollback Lines" : 1000,
  "Badge Color (Dark)" : {
    "Red Component" : 0.92929404973983765,
    "Color Space" : "P3",
    "Blue Component" : 0.13960540294647217,
    "Alpha Component" : 0.5,
    "Green Component" : 0.25479039549827576
  },
  "Ansi 0 Color (Dark)" : {
    "Green Component" : 0,
    "Red Component" : 0,
    "Blue Component" : 0
  },
  "Transparency" : 0.10000000000000001,
  "Use Bright Bold" : true,
  "Horizontal Spacing" : 1,
  "Ansi 13 Color (Light)" : {
    "Red Component" : 0.99607843137254903,
    "Color Space" : "sRGB",
    "Blue Component" : 0.84705882352941175,
    "Alpha Component" : 1,
    "Green Component" : 0.52156862745098043
  },
  "Blur" : true,
  "Ansi 13 Color" : {
    "Red Component" : 0.8821563720703125,
    "Color Space" : "sRGB",
    "Blue Component" : 0.8821563720703125,
    "Alpha Component" : 1,
    "Green Component" : 0.4927266538143158
  },
  "Ansi 2 Color (Dark)" : {
    "Green Component" : 0.80000000000000004,
    "Red Component" : 0.72156862745098038,
    "Blue Component" : 0.32156862745098042
  },
  "Cursor Color" : {
    "Red Component" : 0,
    "Color Space" : "sRGB",
    "Blue Component" : 0,
    "Alpha Component" : 1,
    "Green Component" : 0
  },
  "Use Cursor Guide (Light)" : false,
  "Option Key Sends" : 0,
  "Idle Code" : 0,
  "Ansi 13 Color (Dark)" : {
    "Green Component" : 0.63921568627450975,
    "Red Component" : 1,
    "Blue Component" : 0.66666666666666663
  },
  "Send Code When Idle" : false,
  "Selection Color" : {
    "Red Component" : 0.70196080207824707,
    "Color Space" : "sRGB",
    "Blue Component" : 1,
    "Alpha Component" : 1,
    "Green Component" : 0.84313726425170898
  },
  "Terminal Type" : "xterm-256color",
  "Cursor Boost (Dark)" : 0,
  "Right Option Key Sends" : 0,
  "Background Color" : {
    "Red Component" : 0.97999999999999998,
    "Color Space" : "sRGB",
    "Blue Component" : 0.97999999999999998,
    "Alpha Component" : 1,
    "Green Component" : 0.97999999999999998
  },
  "Ansi 10 Color (Dark)" : {
    "Green Component" : 0.99607843137254903,
    "Red Component" : 0.91764705882352937,
    "Blue Component" : 0.51764705882352946
  },
  "Ansi 10 Color" : {
    "Red Component" : 0.3450070321559906,
    "Color Space" : "sRGB",
    "Blue Component" : 0.56541937589645386,
    "Alpha Component" : 1,
    "Green Component" : 0.9042816162109375
  },
  "Vertical Spacing" : 1,
  "Use Tab Color (Light)" : false,
  "Columns" : 80,
  "Ansi 2 Color (Light)" : {
    "Red Component" : 0.25098039215686274,
    "Color Space" : "sRGB",
    "Blue Component" : 0.16862745098039217,
    "Alpha Component" : 1,
    "Green Component" : 0.62745098039215685
  },
  "Screen" : -1,
  "Cursor Text Color (Dark)" : {
    "Green Component" : 0.88235294117647056,
    "Red Component" : 0.90196078431372551,
    "Blue Component" : 0.81176470588235294
  },
  "Description" : "Default",
  "Unlimited Scrollback" : false,
  "Use Italic Font" : true,
  "Working Directory" : "\/Users\/sidhu",
  "Selected Text Color (Dark)" : {
    "Green Component" : 0.88235294117647056,
    "Red Component" : 0.90196078431372551,
    "Blue Component" : 0.81176470588235294
  },
  "Use Cursor Guide (Dark)" : false,
  "Visual Bell" : true,
  "Link Color (Light)" : {
    "Red Component" : 0.015686274509803921,
    "Color Space" : "sRGB",
    "Blue Component" : 0.89803921568627454,
    "Alpha Component" : 1,
    "Green Component" : 0.6470588235294118
  },
  "Ansi 1 Color (Dark)" : {
    "Green Component" : 0.20000000000000001,
    "Red Component" : 1,
    "Blue Component" : 0.20000000000000001
  },
  "Default Bookmark" : "No",
  "Ansi 14 Color (Light)" : {
    "Red Component" : 0.17647058823529413,
    "Color Space" : "sRGB",
    "Blue Component" : 0.6588235294117647,
    "Alpha Component" : 1,
    "Green Component" : 0.62352941176470589
  },
  "Ansi 7 Color (Light)" : {
    "Red Component" : 0.67450980392156867,
    "Color Space" : "sRGB",
    "Blue Component" : 0.74509803921568629,
    "Alpha Component" : 1,
    "Green Component" : 0.69019607843137254
  },
  "Ansi 3 Color (Light)" : {
    "Red Component" : 0.87450980392156863,
    "Color Space" : "sRGB",
    "Blue Component" : 0.11372549019607843,
    "Alpha Component" : 1,
    "Green Component" : 0.55686274509803924
  },
  "Title Components" : 2,
  "Ansi 9 Color (Dark)" : {
    "Green Component" : 0.396078431372549,
    "Red Component" : 1,
    "Blue Component" : 0.396078431372549
  },
  "Badge Color (Light)" : {
    "Red Component" : 0.92929404973983765,
    "Color Space" : "P3",
    "Blue Component" : 0.13960540294647217,
    "Alpha Component" : 0.5,
    "Green Component" : 0.25479039549827576
  },
  "Ansi 14 Color (Dark)" : {
    "Green Component" : 1,
    "Red Component" : 0.7803921568627451,
    "Blue Component" : 0.99215686274509807
  },
  "Tags" : [

  ],
  "Link Color (Dark)" : {
    "Red Component" : 0.14513972401618958,
    "Color Space" : "P3",
    "Blue Component" : 0.7093239426612854,
    "Alpha Component" : 1,
    "Green Component" : 0.35333043336868286
  },
  "Custom Command" : "No",
  "Jobs to Ignore" : [
    "rlogin",
    "ssh",
    "slogin",
    "telnet"
  ],
  "Use Non-ASCII Font" : false,
  "Custom Directory" : "No",
  "Use Selected Text Color (Light)" : true,
  "Bold Color (Light)" : {
    "Red Component" : 0.29803921568627451,
    "Color Space" : "sRGB",
    "Blue Component" : 0.41176470588235292,
    "Alpha Component" : 1,
    "Green Component" : 0.30980392156862746
  },
  "Brighten Bold Text (Dark)" : true,
  "Ansi 8 Color (Light)" : {
    "Red Component" : 0.42352941176470588,
    "Color Space" : "sRGB",
    "Blue Component" : 0.52156862745098043,
    "Alpha Component" : 1,
    "Green Component" : 0.43529411764705883
  },
  "Name" : "Sidhu",
  "Ansi 11 Color (Dark)" : {
    "Green Component" : 0.96862745098039216,
    "Red Component" : 1,
    "Blue Component" : 0.47450980392156861
  },
  "Ansi 14 Color" : {
    "Red Component" : 0.37597531080245972,
    "Color Space" : "sRGB",
    "Blue Component" : 1,
    "Alpha Component" : 1,
    "Green Component" : 0.99263292551040649
  },
  "Faint Text Alpha (Dark)" : 0.5,
  "Blur Radius" : 10,
  "Rows" : 25,
  "Background Color (Light)" : {
    "Red Component" : 0.93725490196078431,
    "Color Space" : "sRGB",
    "Blue Component" : 0.96078431372549022,
    "Alpha Component" : 1,